代码,日股代码,公司名称,行业板块,现价 (¥),市值 (兆¥),滚动PE,ROE (%),营收增速 (%),股息率 (%),偏离50日线 (%)
1332.T,1332,Nippon Suisan Kaisha,水产农林,1163.0,0.35,12.9,10.26,14.1,275.0,-7.49
1605.T,1605,INPEX,矿业,3913.0,4.52,10.6,9.27,-2.6,286.0,4.88
1721.T,1721,Comsys Holdings,建设业,5868.0,0.67,18.9,10.16,8.6,230.0,9.81
1801.T,1801,Taisei,建设业,12620.0,2.06,12.3,,18.4,301.0,-3.18
1802.T,1802,Obayashi,建设业,3083.0,2.12,12.4,16.16,19.0,305.0,-0.61
1803.T,1803,Shimizu,建设业,2358.0,1.6,12.6,17.63,9.3,327.0,-2.19
1808.T,1808,Haseko,建设业,2733.0,0.72,13.4,11.59,9.2,366.0,-2.45
1812.T,1812,Kajima,建设业,4979.0,2.3,13.1,,-1.5,293.0,-3.46
1925.T,1925,Daiwa House Industry,建设业,4558.0,2.82,8.0,12.88,9.0,202.0,-1.69
1928.T,1928,Sekisui House,建设业,3350.0,2.17,8.5,12.26,-5.8,436.0,-2.29
1963.T,1963,JGC Holdings,建设业,2334.5,0.57,13.5,11.85,-16.1,223.0,1.11
2002.T,2002,Nisshin Seifun Group,食品,1998.0,0.56,17.6,6.1,1.1,325.0,-1.92
2269.T,2269,Meiji Holdings,食品,4356.0,1.18,33.7,5.53,5.8,253.0,5.71
2282.T,2282,NH Foods,食品,6078.0,0.56,16.8,6.74,8.7,296.0,-2.67
2501.T,2501,Sapporo Holdings,食品,1848.0,0.72,76.3,2.38,0.7,216.0,-5.12
2502.T,2502,Asahi Group Holdings,食品,1610.0,2.35,14.6,5.57,12.0,385.0,-2.46
2503.T,2503,Kirin Holdings,食品,2848.5,2.26,11.7,15.14,9.2,267.0,-3.27
2801.T,2801,Kikkoman,食品,1655.0,1.54,25.1,12.09,15.0,151.0,-3.66
2802.T,2802,Ajinomoto,食品,4904.0,4.67,35.5,18.49,13.2,102.0,-6.54
2871.T,2871,Nichirei,食品,2210.0,0.55,20.2,10.27,34.1,335.0,2.14
2914.T,2914,Japan Tobacco (JT),食品,6886.0,12.23,20.5,14.3,17.0,395.0,2.01
3086.T,3086,J. Front Retailing,零售业,2667.0,0.65,23.6,6.48,-3.9,210.0,-8.77
3099.T,3099,Isetan Mitsukoshi,零售业,3296.0,1.14,15.4,,3.8,182.0,-6.91
3382.T,3382,Seven & i Holdings,零售业,2020.0,4.58,17.0,8.05,-14.7,297.0,-0.74
3401.T,3401,Teijin,纺织制品,1692.0,0.33,,-9.89,-8.7,296.0,-1.02
3402.T,3402,Toray Industries,纺织制品,1248.0,1.82,23.6,5.61,14.0,184.0,0.89
3405.T,3405,Kuraray,化学,1763.0,0.53,64.9,0.82,12.2,306.0,-3.22
3407.T,3407,Asahi Kasei,化学,1600.0,2.13,13.7,9.75,11.9,275.0,-5.88
3861.T,3861,Oji Holdings,纸浆纸业,875.7,0.74,14.3,6.01,2.4,411.0,1.07
3863.T,3863,Nippon Paper,纸浆纸业,1326.0,0.15,13.0,2.21,7.5,113.0,-3.98
4004.T,4004,Resonac Holdings,化学,13895.0,2.64,47.6,8.14,15.0,47.0,-9.0
4005.T,4005,Sumitomo Chemical,化学,580.2,0.96,15.6,13.17,9.9,276.0,6.08
4021.T,4021,Nissan Chemical,化学,8257.0,1.1,22.4,21.78,12.8,257.0,4.5
4042.T,4042,Tosoh,化学,2599.5,0.8,19.6,,11.8,385.0,-3.3
4043.T,4043,Tokuyama,化学,4181.0,0.3,13.6,,,344.0,-0.01
4061.T,4061,Denka,化学,3309.0,0.29,18.2,2.62,,302.0,-5.33
4063.T,4063,Shin-Etsu Chemical,化学,5844.0,10.61,23.1,11.23,5.4,198.0,-6.45
4183.T,4183,Mitsui Chemicals,化学,2186.0,0.79,23.9,8.04,10.8,343.0,1.02
4188.T,4188,Mitsubishi Chemical,化学,1189.0,1.62,,1.42,14.0,269.0,0.25
4208.T,4208,UBE,化学,3452.0,0.34,14.0,5.56,21.3,463.0,1.65
4452.T,4452,Kao,化学,3478.0,3.15,24.9,12.32,9.4,224.0,1.21
4502.T,4502,Takeda Pharmaceutical,医药品,5968.0,9.53,,-2.26,10.2,342.0,5.75
4503.T,4503,Astellas Pharma,医药品,2383.5,4.27,14.7,21.3,26.7,336.0,4.46
4506.T,4506,Sumitomo Pharma,医药品,1609.5,0.72,6.0,38.53,19.9,0.0,13.69
4507.T,4507,Shionogi,医药品,2954.5,2.51,12.3,16.77,63.7,257.0,2.47
4519.T,4519,Chugai Pharmaceutical,医药品,6746.0,11.1,23.5,23.49,17.8,196.0,-2.65
4523.T,4523,Eisai,医药品,4930.0,1.39,36.1,4.96,15.6,325.0,4.68
4568.T,4568,Daiichi Sankyo,医药品,2953.5,5.37,21.1,14.81,21.1,339.0,6.3
4578.T,4578,Otsuka Holdings,医药品,11120.0,5.83,14.5,13.42,17.4,180.0,-4.83
4631.T,4631,DIC,化学,4755.0,0.45,8.0,12.26,18.9,336.0,-1.47
4689.T,4689,LY Corporation,信息通信,536.8,3.68,19.3,8.32,13.1,205.0,7.94
4704.T,4704,Trend Micro,信息通信,6609.0,0.86,24.5,29.98,12.5,280.0,7.23
4751.T,4751,CyberAgent,服务业,1260.0,0.64,15.7,20.28,9.4,159.0,-7.59
4755.T,4755,Rakuten Group,服务业,708.3,1.55,,0.34,11.6,0.0,-9.42
4901.T,4901,Fujifilm Holdings,化学,3324.0,3.98,14.5,7.14,10.3,226.0,-3.46
4911.T,4911,Shiseido,化学,3561.0,1.42,,-3.08,10.5,168.0,5.69
5019.T,5019,Idemitsu Kosan,石油石炭,1651.0,1.98,11.8,22.52,23.3,218.0,19.08
5020.T,5020,ENEOS Holdings,石油石炭,1431.5,3.8,14.9,19.53,18.7,238.0,7.47
5101.T,5101,Yokohama Rubber,橡胶制品,6825.0,1.08,7.5,14.31,10.4,327.0,-7.63
5108.T,5108,Bridgestone,橡胶制品,3730.0,4.6,18.9,11.27,14.2,349.0,-4.99
5201.T,5201,AGC,玻璃陶瓷,5646.0,1.2,13.2,6.1,13.5,372.0,-4.39
5202.T,5202,Nippon Sheet Glass,玻璃陶瓷,496.0,0.25,16.2,3.25,17.2,0.0,1.88
5214.T,5214,Nippon Electric Glass,玻璃陶瓷,4908.0,0.36,14.4,5.46,3.0,326.0,-3.45
5232.T,5232,Sumitomo Osaka Cement,玻璃陶瓷,5763.0,0.18,16.5,6.18,,69.0,2.49
5233.T,5233,Taiheiyo Cement,玻璃陶瓷,4172.0,0.45,18.3,4.19,5.1,288.0,0.9
5301.T,5301,Tokai Carbon,玻璃陶瓷,2127.5,0.43,23.9,6.81,18.4,188.0,21.71
5332.T,5332,TOTO,玻璃陶瓷,5718.0,0.94,23.5,7.42,1.7,210.0,-13.56
5333.T,5333,NGK Insulators,玻璃陶瓷,5251.0,1.48,25.5,9.24,10.6,202.0,-7.43
5401.T,5401,Nippon Steel,钢铁,695.0,3.63,212.5,5.5,40.4,345.0,5.93
5406.T,5406,Kobe Steel,钢铁,2069.0,0.82,8.7,5.68,,387.0,2.97
5411.T,5411,JFE Holdings,钢铁,1883.0,1.2,17.9,3.77,4.1,425.0,4.35
5541.T,5541,Pacific Metals,钢铁,2667.0,0.05,18.2,8.55,32.5,487.0,5.37
5706.T,5706,Mitsui Mining & Smelting,有色金属,22795.0,1.3,14.3,30.62,19.3,12.0,-21.54
5707.T,5707,Toho Zinc,有色金属,973.0,0.04,7.0,45.13,15.7,0.0,0.18
5711.T,5711,Mitsubishi Materials,有色金属,5194.0,0.68,16.7,14.46,38.4,223.0,6.6
5713.T,5713,Sumitomo Metal Mining,有色金属,9610.0,2.58,14.8,11.68,42.3,216.0,4.75
5714.T,5714,DOWA Holdings,有色金属,9095.0,0.54,8.7,18.46,58.2,372.0,0.53
5801.T,5801,Furukawa Electric,非铁金属,3901.0,2.74,37.9,22.57,24.3,56.0,4.92
5802.T,5802,Sumitomo Electric,非铁金属,2080.5,6.49,17.6,15.78,15.9,187.0,-7.09
5803.T,5803,Fujikura,非铁金属,4952.0,8.2,52.1,38.96,,77.0,-1.03
6113.T,6113,Amada,机械,2412.5,0.74,24.5,,29.7,265.0,-9.7
6178.T,6178,Japan Post Holdings,服务业,2527.5,6.91,19.6,5.12,6.4,237.0,4.43
6301.T,6301,Komatsu,机械,7012.0,6.22,16.9,11.62,14.7,271.0,-0.7
6302.T,6302,Sumitomo Heavy Industries,机械,5978.0,0.71,17.7,6.07,18.0,243.0,6.99
6305.T,6305,Hitachi Construction Machinery,机械,5663.0,1.18,16.4,10.93,7.5,336.0,1.52
6326.T,6326,Kubota,机械,2749.5,3.1,11.7,10.01,18.6,189.0,-0.88
6361.T,6361,Ebara,机械,4323.0,1.97,25.1,15.74,3.5,153.0,-16.17
6367.T,6367,Daikin Industries,机械,20740.0,5.77,22.1,9.6,,174.0,-6.58
6471.T,6471,NSK,机械,1082.0,0.53,23.3,4.89,30.6,314.0,-3.45
6472.T,6472,NTN,机械,384.8,0.23,16.4,5.26,6.7,338.0,1.15
6473.T,6473,JTEKT,机械,2083.0,0.66,55.3,2.72,8.2,336.0,-0.6
6479.T,6479,MinebeaMitsumi,电气设备,3455.0,1.39,14.0,,16.3,174.0,-5.32
6501.T,6501,Hitachi,电气设备,5524.0,24.67,31.2,,20.0,101.0,5.52
6503.T,6503,Mitsubishi Electric,电气设备,5126.0,10.49,25.8,10.28,14.0,117.0,-7.71
6504.T,6504,Fuji Electric,电气设备,13075.0,1.91,19.6,14.27,10.2,164.0,-2.74
6506.T,6506,Yaskawa Electric,电气设备,4383.0,1.14,32.3,7.51,10.6,164.0,-12.22
6526.T,6526,Socionext,电气设备,2000.0,0.35,40.5,6.0,13.0,250.0,-5.1
6674.T,6674,GS Yuasa,电气设备,5476.0,0.55,13.1,11.98,7.5,179.0,-0.05
6701.T,6701,NEC,电气设备,4812.0,6.38,23.7,14.16,14.5,83.0,3.25
6702.T,6702,Fujitsu,电气设备,3979.0,6.88,22.8,16.2,3.9,138.0,8.86
6703.T,6703,Oki Electric Industry,电气设备,2759.0,0.24,11.1,16.4,1.2,236.0,-5.37
6723.T,6723,Renesas Electronics,电气设备,3309.0,6.05,17.8,13.95,28.5,85.0,-9.38
6724.T,6724,Seiko Epson,电气设备,3144.0,1.01,55.2,2.97,14.4,254.0,3.03
6752.T,6752,Panasonic Holdings,电气设备,4287.0,10.01,52.9,5.25,6.4,126.0,0.44
6758.T,6758,Sony Group,电气设备,3697.0,21.61,19.8,13.16,8.2,95.0,0.33
6762.T,6762,TDK,电气设备,2845.0,5.4,27.6,11.63,38.3,141.0,-5.9
6770.T,6770,Alps Alpine,电气设备,2218.0,0.43,16.4,6.24,-0.4,289.0,1.84
6841.T,6841,Yokogawa Electric,电气设备,4652.0,1.16,20.4,,8.6,198.0,-11.42
6857.T,6857,Advantest,电气设备,32050.0,23.14,62.1,56.89,39.3,19.0,-0.34
6861.T,6861,Keyence,电气设备,76580.0,18.57,41.7,,32.8,72.0,-2.73
6902.T,6902,Denso,运输设备,1915.0,4.8,11.8,9.2,9.1,386.0,-1.72
6920.T,6920,Lasertec,电气设备,39090.0,3.5,45.2,33.93,-26.3,108.0,1.53
6952.T,6952,Casio Computer,电气设备,2141.0,0.47,26.7,10.54,19.8,210.0,0.53
6954.T,6954,FANUC,电气设备,5852.0,5.44,32.8,10.05,17.7,183.0,-7.34
6971.T,6971,Kyocera,电气设备,3637.0,4.65,35.5,5.06,9.9,154.0,-0.35
6976.T,6976,Taiyo Yuden,电气设备,9375.0,1.17,87.0,5.33,10.7,96.0,-8.62
6981.T,6981,Murata Manufacturing,电气设备,7763.0,14.07,61.0,10.06,20.7,90.0,1.52
6988.T,6988,Nitto Denko,化学,3382.0,2.24,17.2,12.55,10.4,189.0,0.07
7011.T,7011,Mitsubishi Heavy Industries,机械,3879.0,13.03,55.6,14.75,,77.0,-0.51
7012.T,7012,Kawasaki Heavy Industries,运输设备,2404.5,2.1,18.6,14.44,11.3,166.0,-8.76
7013.T,7013,IHI,机械,2852.5,3.02,18.8,33.44,10.9,81.0,2.86
7201.T,7201,Nissan Motor,汽车及零部件,312.3,1.09,,-7.65,9.5,0.0,-3.79
7202.T,7202,Isuzu Motors,汽车及零部件,2210.5,1.52,11.5,11.6,6.8,425.0,-2.72
7203.T,7203,Toyota Motor,汽车及零部件,3025.0,35.82,8.6,12.4,10.4,331.0,0.57
7211.T,7211,Mitsubishi Motors,汽车及零部件,368.6,0.49,49.3,2.27,1.8,271.0,1.19
7261.T,7261,Mazda Motor,汽车及零部件,1157.0,0.73,20.8,5.88,16.9,475.0,-0.65
7267.T,7267,Honda Motor,汽车及零部件,1689.0,6.58,,-0.76,13.5,414.0,2.97
7269.T,7269,Suzuki Motor,汽车及零部件,2028.0,3.91,8.9,15.32,22.0,256.0,-1.39
7270.T,7270,Subaru,汽车及零部件,2632.5,1.83,21.0,3.12,3.0,441.0,1.07
7272.T,7272,Yamaha Motor,运输设备,1821.0,1.77,8.1,7.72,17.8,275.0,9.12
7731.T,7731,Nikon,精密仪器,1746.0,0.58,,-15.22,3.8,115.0,-11.89
7733.T,7733,Olympus,精密仪器,2005.0,2.13,32.8,10.57,16.4,150.0,2.67
7735.T,7735,SCREEN Holdings,精密仪器,12805.0,2.42,26.3,18.87,-10.3,192.0,-9.49
7741.T,7741,HOYA,精密仪器,22605.0,7.54,30.4,26.53,16.2,131.0,-8.41
7751.T,7751,Canon,电气设备,4503.0,3.76,11.4,10.37,3.6,355.0,-0.37
7752.T,7752,Ricoh,电气设备,1660.5,0.93,17.0,7.45,8.4,265.0,3.28
7762.T,7762,Citizen Watch,精密仪器,2345.0,0.57,18.4,10.87,30.3,226.0,-3.24
7911.T,7911,TOPPAN Holdings,其他制品,4659.0,1.31,20.5,5.61,15.0,62.0,-4.61
7912.T,7912,Dai Nippon Printing,其他制品,2960.5,1.27,12.6,6.92,1.9,138.0,-4.6
7951.T,7951,Yamaha,其他制品,1249.0,0.55,23.7,6.84,12.0,208.0,-2.29
7974.T,7974,Nintendo,其他制品,8339.0,9.61,22.9,,-9.5,263.0,3.07
8001.T,8001,ITOCHU,综合商社,2306.5,16.12,18.0,14.09,8.9,191.0,10.71
8002.T,8002,Marubeni,综合商社,4976.0,8.09,15.1,14.21,20.6,231.0,-1.27
8015.T,8015,Toyota Tsusho,综合商社,7463.0,7.0,21.3,16.06,37.6,167.0,5.73
8031.T,8031,Mitsui & Co.,综合商社,5161.0,14.67,17.7,11.38,31.7,271.0,4.78
8035.T,8035,Tokyo Electron,电气设备,53110.0,24.13,42.4,30.93,33.3,141.0,-8.49
8053.T,8053,Sumitomo Corp.,综合商社,1796.0,8.49,14.4,13.61,9.0,223.0,4.63
8058.T,8058,Mitsubishi Corp.,综合商社,4947.0,18.11,23.6,10.08,22.8,253.0,3.27
8233.T,8233,Takashimaya,零售业,2117.0,0.62,,-0.54,5.9,189.0,-6.96
8252.T,8252,Marui Group,零售业,2882.5,0.5,18.2,12.44,7.4,465.0,-2.01
8267.T,8267,Aeon,零售业,1313.5,3.63,49.0,7.21,14.6,107.0,-3.98
8304.T,8304,Aozora Bank,银行业,3486.0,0.48,18.8,6.56,20.7,270.0,7.16
8306.T,8306,Mitsubishi UFJ Financial,银行业,3620.0,40.75,15.3,9.46,28.8,265.0,0.09
8308.T,8308,Resona Holdings,银行业,2451.5,5.48,21.6,9.23,15.8,151.0,2.44
8309.T,8309,Sumitomo Mitsui Trust,银行业,1768.5,4.87,13.4,10.78,27.3,269.0,2.9
8316.T,8316,Sumitomo Mitsui Financial,银行业,6830.0,25.95,15.3,8.57,24.8,132.0,-0.52
8331.T,8331,Chiba Bank,银行业,2737.0,1.89,18.7,8.3,51.8,234.0,-0.14
8354.T,8354,Fukuoka Financial Group,银行业,7746.0,1.46,17.1,8.71,13.1,271.0,1.72
8411.T,8411,Mizuho Financial Group,银行业,8495.0,20.56,15.2,12.49,35.0,177.0,0.71
8591.T,8591,ORIX,其他金融,6146.0,6.39,10.9,14.04,17.4,276.0,-2.74
8601.T,8601,Daiwa Securities Group,证券商品期货,1845.5,2.56,14.9,10.96,57.2,379.0,1.41
8604.T,8604,Nomura Holdings,证券商品期货,1581.0,4.62,11.9,11.16,31.2,323.0,-0.27
8630.T,8630,Sompo Holdings,保险业,6891.0,6.11,27.5,14.43,32.6,290.0,0.54
8697.T,8697,Japan Exchange Group,其他金融,2235.5,2.29,38.0,,,349.0,0.39
8725.T,8725,MS&AD Insurance,保险业,5217.0,7.45,9.9,16.09,2.4,268.0,6.01
8750.T,8750,Dai-ichi Life Holdings,保险业,1913.5,6.89,15.8,13.58,28.0,376.0,2.51
8766.T,8766,Tokio Marine Holdings,保险业,8200.0,15.58,29.4,,0.1,159.0,5.07
8795.T,8795,T&D Holdings,保险业,4952.0,2.35,17.7,9.34,-12.0,331.0,0.47
8801.T,8801,Mitsui Fudosan,不动产业,1485.0,4.0,14.7,6.71,-23.1,249.0,-1.91
8802.T,8802,Mitsubishi Estate,不动产业,3613.0,4.33,19.9,10.7,39.4,138.0,-5.85
8804.T,8804,Tokyo Tatemono,不动产业,3236.0,0.67,10.9,10.64,16.6,402.0,-4.35
8830.T,8830,Sumitomo Realty & Development,不动产业,3186.0,2.94,13.9,9.36,,163.0,-8.29
9001.T,9001,Tobu Railway,陆运业,2960.0,0.58,10.5,9.38,5.2,253.0,-0.97
9005.T,9005,Tokyu,陆运业,1662.5,0.93,10.9,,4.6,192.0,-1.68
9007.T,9007,Odakyu Electric Railway,陆运业,1799.5,0.62,16.6,7.12,3.5,333.0,2.47
9008.T,9008,Keio,陆运业,780.4,0.45,10.7,9.76,8.3,282.0,-0.25
9009.T,9009,Keisei Electric Railway,陆运业,1375.5,0.66,13.8,9.42,4.0,160.0,4.79
9020.T,9020,East Japan Railway (JR东日本),陆运业,3460.0,3.91,15.8,7.95,8.0,243.0,-2.61
9021.T,9021,West Japan Railway (JR西日本),陆运业,3036.0,1.38,10.9,9.34,-0.6,321.0,1.91
9022.T,9022,Central Japan Railway (JR东海),陆运业,3815.0,3.62,6.7,11.16,3.0,84.0,-1.33
9064.T,9064,Yamato Holdings,陆运业,1983.0,0.63,47.9,2.33,1.4,232.0,0.43
9101.T,9101,Nippon Yusen (NYK Line),海运业,7490.0,3.02,14.8,7.7,21.1,320.0,15.14
9104.T,9104,Mitsui O.S.K. Lines (MOL),海运业,7240.0,2.49,11.7,7.89,68.9,283.0,12.01
9107.T,9107,Kawasaki Kisen (K Line),海运业,3497.0,2.07,16.6,7.56,17.1,343.0,14.06
9201.T,9201,Japan Airlines (JAL),航空业,3065.0,1.32,10.0,9.07,10.2,313.0,2.7
9202.T,9202,ANA Holdings,航空业,2981.5,1.28,9.3,13.21,22.6,201.0,-2.04
9301.T,9301,Mitsubishi Logistics,仓储运输,1537.0,0.52,9.9,11.23,2.9,286.0,-0.55
9432.T,9432,NTT,信息通信,177.3,14.37,14.1,10.71,10.9,305.0,9.2
9433.T,9433,KDDI,信息通信,3060.0,11.31,16.7,14.59,3.6,275.0,4.58
9434.T,9434,SoftBank Corp.,信息通信,248.1,11.87,22.0,16.71,9.4,355.0,6.68
9501.T,9501,Tokyo Electric Power (TEPCO),电力煤气,549.7,0.88,,12.52,3.9,0.0,4.0
9502.T,9502,Chubu Electric Power,电力煤气,2913.0,2.2,9.7,6.04,3.2,240.0,0.38
9503.T,9503,Kansai Electric Power,电力煤气,2905.5,3.24,8.5,12.51,9.8,275.0,12.85
9531.T,9531,Tokyo Gas,电力煤气,6309.0,2.06,9.6,9.63,4.0,190.0,2.69
9532.T,9532,Osaka Gas,电力煤气,6073.0,2.29,15.5,7.9,1.5,214.0,8.18
9602.T,9602,Toho,服务业,1580.5,1.31,25.8,9.71,4.6,139.0,4.87
9735.T,9735,Secom,服务业,6436.0,2.57,23.3,8.71,3.6,186.0,-1.97
9766.T,9766,Konami Group,信息通信,21055.0,2.85,25.3,21.16,33.6,106.0,1.81
9843.T,9843,Nitori Holdings,零售业,3030.0,1.71,19.2,9.22,-2.3,106.0,6.04
9983.T,9983,Fast Retailing (优衣库母公司),零售业,67680.0,20.77,43.5,22.48,22.2,95.0,-9.19
9984.T,9984,SoftBank Group (软银集团),信息通信,6315.0,35.99,7.2,31.96,10.9,17.0,11.25
